<?xml version="1.0" encoding="UTF-8" ?>
<feature
	id="org.eclipse.babel.nls_eclipse_ja"
	label="Babel Language Pack for eclipse in Japanese (91.08%)"
	image="eclipse_update_120.jpg"
	provider-name="%providerName"
	version="4.22.0.v20211218020001">
	<copyright>
		%copyright
	</copyright>
	<license url="%licenseURL">
		%license
	</license>
	<description>Babel Language Pack for eclipse in Japanese</description>
	<plugin fragment="true" id="org.eclipse.ant.core.nl_ja" unpack="false" version="4.22.0.v20211218020001" download-size="5324" install-size="5324" />
	<plugin fragment="true" id="org.eclipse.ant.launching.nl_ja" unpack="false" version="4.22.0.v20211218020001" download-size="8735" install-size="8735" />
	<plugin fragment="true" id="org.eclipse.ant.tests.core.nl_ja" unpack="false" version="4.22.0.v20211218020001" download-size="1894" install-size="1894" />
	<plugin fragment="true" id="org.eclipse.ant.tests.ui.nl_ja" unpack="false" version="4.22.0.v20211218020001" download-size="1500" install-size="1500" />
	<plugin fragment="true" id="org.eclipse.ant.ui.nl_ja" unpack="false" version="4.22.0.v20211218020001" download-size="25328" install-size="25328" />
	<plugin fragment="true" id="org.eclipse.compare.core.nl_ja" unpack="false" version="4.22.0.v20211218020001" download-size="2604" install-size="2604" />
	<plugin fragment="true" id="org.eclipse.compare.examples.nl_ja" unpack="false" version="4.22.0.v20211218020001" download-size="2480" install-size="2480" />
	<plugin fragment="true" id="org.eclipse.compare.examples.xml.nl_ja" unpack="false" version="4.22.0.v20211218020001" download-size="3847" install-size="3847" />
	<plugin fragment="true" id="org.eclipse.compare.nl_ja" unpack="false" version="4.22.0.v20211218020001" download-size="16585" install-size="16585" />
	<plugin fragment="true" id="org.eclipse.compare.win32.nl_ja" unpack="false" version="4.22.0.v20211218020001" download-size="3450" install-size="3450" />
	<plugin fragment="true" id="org.eclipse.core.commands.nl_ja" unpack="false" version="4.22.0.v20211218020001" download-size="1482" install-size="1482" />
	<plugin fragment="true" id="org.eclipse.core.contenttype.nl_ja" unpack="false" version="4.22.0.v20211218020001" download-size="2860" install-size="2860" />
	<plugin fragment="true" id="org.eclipse.core.databinding.beans.nl_ja" unpack="false" version="4.22.0.v20211218020001" download-size="1517" install-size="1517" />
	<plugin fragment="true" id="org.eclipse.core.databinding.nl_ja" unpack="false" version="4.22.0.v20211218020001" download-size="2976" install-size="2976" />
	<plugin fragment="true" id="org.eclipse.core.databinding.observable.nl_ja" unpack="false" version="4.22.0.v20211218020001" download-size="1496" install-size="1496" />
	<plugin fragment="true" id="org.eclipse.core.databinding.property.nl_ja" unpack="false" version="4.22.0.v20211218020001" download-size="1524" install-size="1524" />
	<plugin fragment="true" id="org.eclipse.core.expressions.nl_ja" unpack="false" version="4.22.0.v20211218020001" download-size="3226" install-size="3226" />
	<plugin fragment="true" id="org.eclipse.core.externaltools.nl_ja" unpack="false" version="4.22.0.v20211218020001" download-size="4355" install-size="4355" />
	<plugin fragment="true" id="org.eclipse.core.filebuffers.nl_ja" unpack="false" version="4.22.0.v20211218020001" download-size="4536" install-size="4536" />
	<plugin fragment="true" id="org.eclipse.core.filesystem.linux.aarch64.nl_ja" unpack="false" version="4.22.0.v20211218020001" download-size="1471" install-size="1471" />
	<plugin fragment="true" id="org.eclipse.core.filesystem.linux.ppc64le.nl_ja" unpack="false" version="4.22.0.v20211218020001" download-size="1534" install-size="1534" />
	<plugin fragment="true" id="org.eclipse.core.filesystem.linux.x86_64.nl_ja" unpack="false" version="4.22.0.v20211218020001" download-size="1569" install-size="1569" />
	<plugin fragment="true" id="org.eclipse.core.filesystem.macosx.nl_ja" unpack="false" version="4.22.0.v20211218020001" download-size="1551" install-size="1551" />
	<plugin fragment="true" id="org.eclipse.core.filesystem.nl_ja" unpack="false" version="4.22.0.v20211218020001" download-size="3289" install-size="3289" />
	<plugin fragment="true" id="org.eclipse.core.filesystem.win32.x86_64.nl_ja" unpack="false" version="4.22.0.v20211218020001" download-size="1572" install-size="1572" />
	<plugin fragment="true" id="org.eclipse.core.jobs.nl_ja" unpack="false" version="4.22.0.v20211218020001" download-size="2646" install-size="2646" />
	<plugin fragment="true" id="org.eclipse.core.net.linux.nl_ja" unpack="false" version="4.22.0.v20211218020001" download-size="1520" install-size="1520" />
	<plugin fragment="true" id="org.eclipse.core.net.linux.x86_64.nl_ja" unpack="false" version="4.22.0.v20211218020001" download-size="1555" install-size="1555" />
	<plugin fragment="true" id="org.eclipse.core.net.nl_ja" unpack="false" version="4.22.0.v20211218020001" download-size="2397" install-size="2397" />
	<plugin fragment="true" id="org.eclipse.core.net.win32.x86_64.nl_ja" unpack="false" version="4.22.0.v20211218020001" download-size="1551" install-size="1551" />
	<plugin fragment="true" id="org.eclipse.core.resources.nl_ja" unpack="false" version="4.22.0.v20211218020001" download-size="11164" install-size="11164" />
	<plugin fragment="true" id="org.eclipse.core.resources.win32.x86_64.nl_ja" unpack="false" version="4.22.0.v20211218020001" download-size="1620" install-size="1620" />
	<plugin fragment="true" id="org.eclipse.core.runtime.nl_ja" unpack="false" version="4.22.0.v20211218020001" download-size="4330" install-size="4330" />
	<plugin fragment="true" id="org.eclipse.core.tools.nl_ja" unpack="false" version="4.22.0.v20211218020001" download-size="3362" install-size="3362" />
	<plugin fragment="true" id="org.eclipse.core.tools.resources.nl_ja" unpack="false" version="4.22.0.v20211218020001" download-size="1583" install-size="1583" />
	<plugin fragment="true" id="org.eclipse.core.variables.nl_ja" unpack="false" version="4.22.0.v20211218020001" download-size="2700" install-size="2700" />
	<plugin fragment="true" id="org.eclipse.cvs.nl_ja" unpack="false" version="4.22.0.v20211218020001" download-size="2200" install-size="2200" />
	<plugin fragment="true" id="org.eclipse.debug.core.nl_ja" unpack="false" version="4.22.0.v20211218020001" download-size="8403" install-size="8403" />
	<plugin fragment="true" id="org.eclipse.debug.examples.core.nl_ja" unpack="false" version="4.22.0.v20211218020001" download-size="1906" install-size="1906" />
	<plugin fragment="true" id="org.eclipse.debug.examples.memory.nl_ja" unpack="false" version="4.22.0.v20211218020001" download-size="2942" install-size="2942" />
	<plugin fragment="true" id="org.eclipse.debug.examples.mixedmode.nl_ja" unpack="false" version="4.22.0.v20211218020001" download-size="3196" install-size="3196" />
	<plugin fragment="true" id="org.eclipse.debug.examples.ui.nl_ja" unpack="false" version="4.22.0.v20211218020001" download-size="3282" install-size="3282" />
	<plugin fragment="true" id="org.eclipse.debug.ui.launchview.nl_ja" unpack="false" version="4.22.0.v20211218020001" download-size="2713" install-size="2713" />
	<plugin fragment="true" id="org.eclipse.debug.ui.nl_ja" unpack="false" version="4.22.0.v20211218020001" download-size="41744" install-size="41744" />
	<plugin fragment="true" id="org.eclipse.e4.core.commands.nl_ja" unpack="false" version="4.22.0.v20211218020001" download-size="1497" install-size="1497" />
	<plugin fragment="true" id="org.eclipse.e4.core.contexts.nl_ja" unpack="false" version="4.22.0.v20211218020001" download-size="1493" install-size="1493" />
	<plugin fragment="true" id="org.eclipse.e4.core.di.annotations.nl_ja" unpack="false" version="4.22.0.v20211218020001" download-size="1743" install-size="1743" />
	<plugin fragment="true" id="org.eclipse.e4.core.di.extensions.nl_ja" unpack="false" version="4.22.0.v20211218020001" download-size="1510" install-size="1510" />
	<plugin fragment="true" id="org.eclipse.e4.core.di.extensions.supplier.nl_ja" unpack="false" version="4.22.0.v20211218020001" download-size="1753" install-size="1753" />
	<plugin fragment="true" id="org.eclipse.e4.core.di.nl_ja" unpack="false" version="4.22.0.v20211218020001" download-size="1492" install-size="1492" />
	<plugin fragment="true" id="org.eclipse.e4.core.services.nl_ja" unpack="false" version="4.22.0.v20211218020001" download-size="2859" install-size="2859" />
	<plugin fragment="true" id="org.eclipse.e4.demo.cssbridge.nl_ja" unpack="false" version="4.22.0.v20211218020001" download-size="2000" install-size="2000" />
	<plugin fragment="true" id="org.eclipse.e4.emf.xpath.nl_ja" unpack="false" version="4.22.0.v20211218020001" download-size="1713" install-size="1713" />
	<plugin fragment="true" id="org.eclipse.e4.tools.compat.nl_ja" unpack="false" version="4.22.0.v20211218020001" download-size="2732" install-size="2732" />
	<plugin fragment="true" id="org.eclipse.e4.tools.emf.editor3x.nl_ja" unpack="false" version="4.22.0.v20211218020001" download-size="3285" install-size="3285" />
	<plugin fragment="true" id="org.eclipse.e4.tools.emf.ui.nl_ja" unpack="false" version="4.22.0.v20211218020001" download-size="13113" install-size="13113" />
	<plugin fragment="true" id="org.eclipse.e4.tools.jdt.templates.nl_ja" unpack="false" version="4.22.0.v20211218020001" download-size="1506" install-size="1506" />
	<plugin fragment="true" id="org.eclipse.e4.tools.nl_ja" unpack="false" version="4.22.0.v20211218020001" download-size="4431" install-size="4431" />
	<plugin fragment="true" id="org.eclipse.e4.tools.services.nl_ja" unpack="false" version="4.22.0.v20211218020001" download-size="2778" install-size="2778" />
	<plugin fragment="true" id="org.eclipse.e4.ui.bindings.nl_ja" unpack="false" version="4.22.0.v20211218020001" download-size="1504" install-size="1504" />
	<plugin fragment="true" id="org.eclipse.e4.ui.css.core.nl_ja" unpack="false" version="4.22.0.v20211218020001" download-size="1572" install-size="1572" />
	<plugin fragment="true" id="org.eclipse.e4.ui.css.swt.nl_ja" unpack="false" version="4.22.0.v20211218020001" download-size="1491" install-size="1491" />
	<plugin fragment="true" id="org.eclipse.e4.ui.css.swt.theme.nl_ja" unpack="false" version="4.22.0.v20211218020001" download-size="1526" install-size="1526" />
	<plugin fragment="true" id="org.eclipse.e4.ui.di.nl_ja" unpack="false" version="4.22.0.v20211218020001" download-size="1494" install-size="1494" />
	<plugin fragment="true" id="org.eclipse.e4.ui.dialogs.nl_ja" unpack="false" version="4.22.0.v20211218020001" download-size="2752" install-size="2752" />
	<plugin fragment="true" id="org.eclipse.e4.ui.ide.nl_ja" unpack="false" version="4.22.0.v20211218020001" download-size="1681" install-size="1681" />
	<plugin fragment="true" id="org.eclipse.e4.ui.model.workbench.nl_ja" unpack="false" version="4.22.0.v20211218020001" download-size="1572" install-size="1572" />
	<plugin fragment="true" id="org.eclipse.e4.ui.progress.nl_ja" unpack="false" version="4.22.0.v20211218020001" download-size="4114" install-size="4114" />
	<plugin fragment="true" id="org.eclipse.e4.ui.services.nl_ja" unpack="false" version="4.22.0.v20211218020001" download-size="1508" install-size="1508" />
	<plugin fragment="true" id="org.eclipse.e4.ui.swt.gtk.nl_ja" unpack="false" version="4.22.0.v20211218020001" download-size="1515" install-size="1515" />
	<plugin fragment="true" id="org.eclipse.e4.ui.swt.win32.nl_ja" unpack="false" version="4.22.0.v20211218020001" download-size="1502" install-size="1502" />
	<plugin fragment="true" id="org.eclipse.e4.ui.tests.css.core.nl_ja" unpack="false" version="4.22.0.v20211218020001" download-size="1688" install-size="1688" />
	<plugin fragment="true" id="org.eclipse.e4.ui.tests.css.swt.nl_ja" unpack="false" version="4.22.0.v20211218020001" download-size="1687" install-size="1687" />
	<plugin fragment="true" id="org.eclipse.e4.ui.widgets.nl_ja" unpack="false" version="4.22.0.v20211218020001" download-size="1504" install-size="1504" />
	<plugin fragment="true" id="org.eclipse.e4.ui.workbench.addons.swt.nl_ja" unpack="false" version="4.22.0.v20211218020001" download-size="2925" install-size="2925" />
	<plugin fragment="true" id="org.eclipse.e4.ui.workbench.nl_ja" unpack="false" version="4.22.0.v20211218020001" download-size="1560" install-size="1560" />
	<plugin fragment="true" id="org.eclipse.e4.ui.workbench.renderers.swt.cocoa.nl_ja" unpack="false" version="4.22.0.v20211218020001" download-size="3269" install-size="3269" />
	<plugin fragment="true" id="org.eclipse.e4.ui.workbench.renderers.swt.nl_ja" unpack="false" version="4.22.0.v20211218020001" download-size="3969" install-size="3969" />
	<plugin fragment="true" id="org.eclipse.e4.ui.workbench.swt.nl_ja" unpack="false" version="4.22.0.v20211218020001" download-size="4603" install-size="4603" />
	<plugin fragment="true" id="org.eclipse.e4.ui.workbench3.nl_ja" unpack="false" version="4.22.0.v20211218020001" download-size="1536" install-size="1536" />
	<plugin fragment="true" id="org.eclipse.equinox.app.nl_ja" unpack="false" version="4.22.0.v20211218020001" download-size="3283" install-size="3283" />
	<plugin fragment="true" id="org.eclipse.equinox.bidi.nl_ja" unpack="false" version="4.22.0.v20211218020001" download-size="1726" install-size="1726" />
	<plugin fragment="true" id="org.eclipse.equinox.cm.nl_ja" unpack="false" version="4.22.0.v20211218020001" download-size="1486" install-size="1486" />
	<plugin fragment="true" id="org.eclipse.equinox.common.nl_ja" unpack="false" version="4.22.0.v20211218020001" download-size="3628" install-size="3628" />
	<plugin fragment="true" id="org.eclipse.equinox.concurrent.nl_ja" unpack="false" version="4.22.0.v20211218020001" download-size="1460" install-size="1460" />
	<plugin fragment="true" id="org.eclipse.equinox.console.jaas.fragment.nl_ja" unpack="false" version="4.22.0.v20211218020001" download-size="1500" install-size="1500" />
	<plugin fragment="true" id="org.eclipse.equinox.console.nl_ja" unpack="false" version="4.22.0.v20211218020001" download-size="4415" install-size="4415" />
	<plugin fragment="true" id="org.eclipse.equinox.console.ssh.nl_ja" unpack="false" version="4.22.0.v20211218020001" download-size="1512" install-size="1512" />
	<plugin fragment="true" id="org.eclipse.equinox.coordinator.nl_ja" unpack="false" version="4.22.0.v20211218020001" download-size="2319" install-size="2319" />
	<plugin fragment="true" id="org.eclipse.equinox.device.nl_ja" unpack="false" version="4.22.0.v20211218020001" download-size="3273" install-size="3273" />
	<plugin fragment="true" id="org.eclipse.equinox.event.nl_ja" unpack="false" version="4.22.0.v20211218020001" download-size="3131" install-size="3131" />
	<plugin fragment="true" id="org.eclipse.equinox.frameworkadmin.equinox.nl_ja" unpack="false" version="4.22.0.v20211218020001" download-size="3378" install-size="3378" />
	<plugin fragment="true" id="org.eclipse.equinox.frameworkadmin.nl_ja" unpack="false" version="4.22.0.v20211218020001" download-size="1511" install-size="1511" />
	<plugin fragment="true" id="org.eclipse.equinox.http.jetty.nl_ja" unpack="false" version="4.22.0.v20211218020001" download-size="1561" install-size="1561" />
	<plugin fragment="true" id="org.eclipse.equinox.http.jetty.starter.nl_ja" unpack="false" version="4.22.0.v20211218020001" download-size="1464" install-size="1464" />
	<plugin fragment="true" id="org.eclipse.equinox.http.registry.nl_ja" unpack="false" version="4.22.0.v20211218020001" download-size="1582" install-size="1582" />
	<plugin fragment="true" id="org.eclipse.equinox.http.servlet.nl_ja" unpack="false" version="4.22.0.v20211218020001" download-size="1508" install-size="1508" />
	<plugin fragment="true" id="org.eclipse.equinox.http.servletbridge.nl_ja" unpack="false" version="4.22.0.v20211218020001" download-size="1506" install-size="1506" />
	<plugin fragment="true" id="org.eclipse.equinox.io.nl_ja" unpack="false" version="4.22.0.v20211218020001" download-size="1502" install-size="1502" />
	<plugin fragment="true" id="org.eclipse.equinox.ip.nl_ja" unpack="false" version="4.22.0.v20211218020001" download-size="1498" install-size="1498" />
	<plugin fragment="true" id="org.eclipse.equinox.jsp.jasper.nl_ja" unpack="false" version="4.22.0.v20211218020001" download-size="1506" install-size="1506" />
	<plugin fragment="true" id="org.eclipse.equinox.jsp.jasper.registry.nl_ja" unpack="false" version="4.22.0.v20211218020001" download-size="1527" install-size="1527" />
	<plugin fragment="true" id="org.eclipse.equinox.launcher.cocoa.macosx.aarch64.nl_ja" unpack="false" version="4.22.0.v20211218020001" download-size="1522" install-size="1522" />
	<plugin fragment="true" id="org.eclipse.equinox.launcher.cocoa.macosx.nl_ja" unpack="false" version="4.22.0.v20211218020001" download-size="1553" install-size="1553" />
	<plugin fragment="true" id="org.eclipse.equinox.launcher.cocoa.macosx.x86_64.nl_ja" unpack="false" version="4.22.0.v20211218020001" download-size="1604" install-size="1604" />
	<plugin fragment="true" id="org.eclipse.equinox.launcher.gtk.linux.aarch64.nl_ja" unpack="false" version="4.22.0.v20211218020001" download-size="1575" install-size="1575" />
	<plugin fragment="true" id="org.eclipse.equinox.launcher.gtk.linux.ppc64le.nl_ja" unpack="false" version="4.22.0.v20211218020001" download-size="1572" install-size="1572" />
	<plugin fragment="true" id="org.eclipse.equinox.launcher.gtk.linux.x86_64.nl_ja" unpack="false" version="4.22.0.v20211218020001" download-size="1615" install-size="1615" />
	<plugin fragment="true" id="org.eclipse.equinox.launcher.nl_ja" unpack="false" version="4.22.0.v20211218020001" download-size="1498" install-size="1498" />
	<plugin fragment="true" id="org.eclipse.equinox.launcher.win32.win32.x86_64.nl_ja" unpack="false" version="4.22.0.v20211218020001" download-size="1617" install-size="1617" />
	<plugin fragment="true" id="org.eclipse.equinox.log.stream.nl_ja" unpack="false" version="4.22.0.v20211218020001" download-size="1459" install-size="1459" />
	<plugin fragment="true" id="org.eclipse.equinox.metatype.nl_ja" unpack="false" version="4.22.0.v20211218020001" download-size="2876" install-size="2876" />
	<plugin fragment="true" id="org.eclipse.equinox.p2.artifact.checksums.bouncycastle.nl_ja" unpack="false" version="4.22.0.v20211218020001" download-size="1479" install-size="1479" />
	<plugin fragment="true" id="org.eclipse.equinox.p2.artifact.optimizers.nl_ja" unpack="false" version="4.22.0.v20211218020001" download-size="3092" install-size="3092" />
	<plugin fragment="true" id="org.eclipse.equinox.p2.artifact.processors.nl_ja" unpack="false" version="4.22.0.v20211218020001" download-size="1525" install-size="1525" />
	<plugin fragment="true" id="org.eclipse.equinox.p2.artifact.repository.nl_ja" unpack="false" version="4.22.0.v20211218020001" download-size="7837" install-size="7837" />
	<plugin fragment="true" id="org.eclipse.equinox.p2.console.nl_ja" unpack="false" version="4.22.0.v20211218020001" download-size="3208" install-size="3208" />
	<plugin fragment="true" id="org.eclipse.equinox.p2.core.nl_ja" unpack="false" version="4.22.0.v20211218020001" download-size="2887" install-size="2887" />
	<plugin fragment="true" id="org.eclipse.equinox.p2.director.app.nl_ja" unpack="false" version="4.22.0.v20211218020001" download-size="5346" install-size="5346" />
	<plugin fragment="true" id="org.eclipse.equinox.p2.director.nl_ja" unpack="false" version="4.22.0.v20211218020001" download-size="4091" install-size="4091" />
	<plugin fragment="true" id="org.eclipse.equinox.p2.directorywatcher.nl_ja" unpack="false" version="4.22.0.v20211218020001" download-size="3171" install-size="3171" />
	<plugin fragment="true" id="org.eclipse.equinox.p2.discovery.compatibility.nl_ja" unpack="false" version="4.22.0.v20211218020001" download-size="4018" install-size="4018" />
	<plugin fragment="true" id="org.eclipse.equinox.p2.discovery.nl_ja" unpack="false" version="4.22.0.v20211218020001" download-size="3743" install-size="3743" />
	<plugin fragment="true" id="org.eclipse.equinox.p2.engine.nl_ja" unpack="false" version="4.22.0.v20211218020001" download-size="4668" install-size="4668" />
	<plugin fragment="true" id="org.eclipse.equinox.p2.examples.rcp.discovery.nl_ja" unpack="false" version="4.22.0.v20211218020001" download-size="1608" install-size="1608" />
	<plugin fragment="true" id="org.eclipse.equinox.p2.examples.rcp.sdkbundlevisibility.nl_ja" unpack="false" version="4.22.0.v20211218020001" download-size="3703" install-size="3703" />
	<plugin fragment="true" id="org.eclipse.equinox.p2.extensionlocation.nl_ja" unpack="false" version="4.22.0.v20211218020001" download-size="2979" install-size="2979" />
	<plugin fragment="true" id="org.eclipse.equinox.p2.garbagecollector.nl_ja" unpack="false" version="4.22.0.v20211218020001" download-size="2665" install-size="2665" />
	<plugin fragment="true" id="org.eclipse.equinox.p2.installer.nl_ja" unpack="false" version="4.22.0.v20211218020001" download-size="4028" install-size="4028" />
	<plugin fragment="true" id="org.eclipse.equinox.p2.jarprocessor.nl_ja" unpack="false" version="4.22.0.v20211218020001" download-size="1494" install-size="1494" />
	<plugin fragment="true" id="org.eclipse.equinox.p2.metadata.nl_ja" unpack="false" version="4.22.0.v20211218020001" download-size="3705" install-size="3705" />
	<plugin fragment="true" id="org.eclipse.equinox.p2.metadata.repository.nl_ja" unpack="false" version="4.22.0.v20211218020001" download-size="3095" install-size="3095" />
	<plugin fragment="true" id="org.eclipse.equinox.p2.operations.nl_ja" unpack="false" version="4.22.0.v20211218020001" download-size="4076" install-size="4076" />
	<plugin fragment="true" id="org.eclipse.equinox.p2.publisher.eclipse.nl_ja" unpack="false" version="4.22.0.v20211218020001" download-size="3908" install-size="3908" />
	<plugin fragment="true" id="org.eclipse.equinox.p2.publisher.nl_ja" unpack="false" version="4.22.0.v20211218020001" download-size="3587" install-size="3587" />
	<plugin fragment="true" id="org.eclipse.equinox.p2.reconciler.dropins.nl_ja" unpack="false" version="4.22.0.v20211218020001" download-size="3028" install-size="3028" />
	<plugin fragment="true" id="org.eclipse.equinox.p2.repository.nl_ja" unpack="false" version="4.22.0.v20211218020001" download-size="6236" install-size="6236" />
	<plugin fragment="true" id="org.eclipse.equinox.p2.repository.tools.nl_ja" unpack="false" version="4.22.0.v20211218020001" download-size="6019" install-size="6019" />
	<plugin fragment="true" id="org.eclipse.equinox.p2.tests.discovery.nl_ja" unpack="false" version="4.22.0.v20211218020001" download-size="1576" install-size="1576" />
	<plugin fragment="true" id="org.eclipse.equinox.p2.tests.ui.nl_ja" unpack="false" version="4.22.0.v20211218020001" download-size="1497" install-size="1497" />
	<plugin fragment="true" id="org.eclipse.equinox.p2.tests.verifier.nl_ja" unpack="false" version="4.22.0.v20211218020001" download-size="5663" install-size="5663" />
	<plugin fragment="true" id="org.eclipse.equinox.p2.touchpoint.eclipse.nl_ja" unpack="false" version="4.22.0.v20211218020001" download-size="5381" install-size="5381" />
	<plugin fragment="true" id="org.eclipse.equinox.p2.touchpoint.natives.nl_ja" unpack="false" version="4.22.0.v20211218020001" download-size="4183" install-size="4183" />
	<plugin fragment="true" id="org.eclipse.equinox.p2.transport.ecf.nl_ja" unpack="false" version="4.22.0.v20211218020001" download-size="3920" install-size="3920" />
	<plugin fragment="true" id="org.eclipse.equinox.p2.ui.admin.nl_ja" unpack="false" version="4.22.0.v20211218020001" download-size="4108" install-size="4108" />
	<plugin fragment="true" id="org.eclipse.equinox.p2.ui.admin.rcp.nl_ja" unpack="false" version="4.22.0.v20211218020001" download-size="3064" install-size="3064" />
	<plugin fragment="true" id="org.eclipse.equinox.p2.ui.discovery.nl_ja" unpack="false" version="4.22.0.v20211218020001" download-size="5354" install-size="5354" />
	<plugin fragment="true" id="org.eclipse.equinox.p2.ui.importexport.nl_ja" unpack="false" version="4.22.0.v20211218020001" download-size="4413" install-size="4413" />
	<plugin fragment="true" id="org.eclipse.equinox.p2.ui.nl_ja" unpack="false" version="4.22.0.v20211218020001" download-size="8907" install-size="8907" />
	<plugin fragment="true" id="org.eclipse.equinox.p2.ui.sdk.nl_ja" unpack="false" version="4.22.0.v20211218020001" download-size="4182" install-size="4182" />
	<plugin fragment="true" id="org.eclipse.equinox.p2.ui.sdk.scheduler.nl_ja" unpack="false" version="4.22.0.v20211218020001" download-size="5475" install-size="5475" />
	<plugin fragment="true" id="org.eclipse.equinox.p2.updatechecker.nl_ja" unpack="false" version="4.22.0.v20211218020001" download-size="1496" install-size="1496" />
	<plugin fragment="true" id="org.eclipse.equinox.p2.updatesite.nl_ja" unpack="false" version="4.22.0.v20211218020001" download-size="3409" install-size="3409" />
	<plugin fragment="true" id="org.eclipse.equinox.preferences.nl_ja" unpack="false" version="4.22.0.v20211218020001" download-size="3398" install-size="3398" />
	<plugin fragment="true" id="org.eclipse.equinox.region.nl_ja" unpack="false" version="4.22.0.v20211218020001" download-size="1684" install-size="1684" />
	<plugin fragment="true" id="org.eclipse.equinox.registry.nl_ja" unpack="false" version="4.22.0.v20211218020001" download-size="4018" install-size="4018" />
	<plugin fragment="true" id="org.eclipse.equinox.security.linux.nl_ja" unpack="false" version="4.22.0.v20211218020001" download-size="3269" install-size="3269" />
	<plugin fragment="true" id="org.eclipse.equinox.security.linux.x86_64.nl_ja" unpack="false" version="4.22.0.v20211218020001" download-size="1775" install-size="1775" />
	<plugin fragment="true" id="org.eclipse.equinox.security.macosx.nl_ja" unpack="false" version="4.22.0.v20211218020001" download-size="3260" install-size="3260" />
	<plugin fragment="true" id="org.eclipse.equinox.security.nl_ja" unpack="false" version="4.22.0.v20211218020001" download-size="5206" install-size="5206" />
	<plugin fragment="true" id="org.eclipse.equinox.security.ui.nl_ja" unpack="false" version="4.22.0.v20211218020001" download-size="8782" install-size="8782" />
	<plugin fragment="true" id="org.eclipse.equinox.security.win32.x86_64.nl_ja" unpack="false" version="4.22.0.v20211218020001" download-size="3378" install-size="3378" />
	<plugin fragment="true" id="org.eclipse.equinox.servletbridge.nl_ja" unpack="false" version="4.22.0.v20211218020001" download-size="1481" install-size="1481" />
	<plugin fragment="true" id="org.eclipse.equinox.simpleconfigurator.manipulator.nl_ja" unpack="false" version="4.22.0.v20211218020001" download-size="1503" install-size="1503" />
	<plugin fragment="true" id="org.eclipse.equinox.simpleconfigurator.nl_ja" unpack="false" version="4.22.0.v20211218020001" download-size="1487" install-size="1487" />
	<plugin fragment="true" id="org.eclipse.equinox.transforms.hook.nl_ja" unpack="false" version="4.22.0.v20211218020001" download-size="1479" install-size="1479" />
	<plugin fragment="true" id="org.eclipse.equinox.transforms.xslt.nl_ja" unpack="false" version="4.22.0.v20211218020001" download-size="1509" install-size="1509" />
	<plugin fragment="true" id="org.eclipse.equinox.useradmin.nl_ja" unpack="false" version="4.22.0.v20211218020001" download-size="3372" install-size="3372" />
	<plugin fragment="true" id="org.eclipse.equinox.util.nl_ja" unpack="false" version="4.22.0.v20211218020001" download-size="1476" install-size="1476" />
	<plugin fragment="true" id="org.eclipse.equinox.wireadmin.nl_ja" unpack="false" version="4.22.0.v20211218020001" download-size="1482" install-size="1482" />
	<plugin fragment="true" id="org.eclipse.help.base.nl_ja" unpack="false" version="4.22.0.v20211218020001" download-size="4396" install-size="4396" />
	<plugin fragment="true" id="org.eclipse.help.nl_ja" unpack="false" version="4.22.0.v20211218020001" download-size="1623" install-size="1623" />
	<plugin fragment="true" id="org.eclipse.help.ui.nl_ja" unpack="false" version="4.22.0.v20211218020001" download-size="7060" install-size="7060" />
	<plugin fragment="true" id="org.eclipse.help.webapp.nl_ja" unpack="false" version="4.22.0.v20211218020001" download-size="7554" install-size="7554" />
	<plugin fragment="true" id="org.eclipse.jdt.annotation.nl_ja" unpack="false" version="4.22.0.v20211218020001" download-size="1518" install-size="1518" />
	<plugin fragment="true" id="org.eclipse.jdt.annotation_v1.nl_ja" unpack="false" version="4.22.0.v20211218020001" download-size="1520" install-size="1520" />
	<plugin fragment="true" id="org.eclipse.jdt.apt.core.nl_ja" unpack="false" version="4.22.0.v20211218020001" download-size="4129" install-size="4129" />
	<plugin fragment="true" id="org.eclipse.jdt.apt.pluggable.core.nl_ja" unpack="false" version="4.22.0.v20211218020001" download-size="1596" install-size="1596" />
	<plugin fragment="true" id="org.eclipse.jdt.apt.ui.nl_ja" unpack="false" version="4.22.0.v20211218020001" download-size="4928" install-size="4928" />
	<plugin fragment="true" id="org.eclipse.jdt.astview.nl_ja" unpack="false" version="4.22.0.v20211218020001" download-size="1494" install-size="1494" />
	<plugin fragment="true" id="org.eclipse.jdt.compiler.apt.nl_ja" unpack="false" version="4.22.0.v20211218020001" download-size="1527" install-size="1527" />
	<plugin fragment="true" id="org.eclipse.jdt.compiler.tool.nl_ja" unpack="false" version="4.22.0.v20211218020001" download-size="1545" install-size="1545" />
	<plugin fragment="true" id="org.eclipse.jdt.core.formatterapp.nl_ja" unpack="false" version="4.22.0.v20211218020001" download-size="2392" install-size="2392" />
	<plugin fragment="true" id="org.eclipse.jdt.core.manipulation.nl_ja" unpack="false" version="4.22.0.v20211218020001" download-size="58379" install-size="58379" />
	<plugin fragment="true" id="org.eclipse.jdt.core.nl_ja" unpack="false" version="4.22.0.v20211218020001" download-size="29950" install-size="29950" />
	<plugin fragment="true" id="org.eclipse.jdt.core.tests.builder.nl_ja" unpack="false" version="4.22.0.v20211218020001" download-size="1497" install-size="1497" />
	<plugin fragment="true" id="org.eclipse.jdt.core.tests.compiler.nl_ja" unpack="false" version="4.22.0.v20211218020001" download-size="1505" install-size="1505" />
	<plugin fragment="true" id="org.eclipse.jdt.core.tests.model.nl_ja" unpack="false" version="4.22.0.v20211218020001" download-size="12821" install-size="12821" />
	<plugin fragment="true" id="org.eclipse.jdt.core.tests.performance.nl_ja" unpack="false" version="4.22.0.v20211218020001" download-size="1513" install-size="1513" />
	<plugin fragment="true" id="org.eclipse.jdt.debug.nl_ja" unpack="false" version="4.22.0.v20211218020001" download-size="25757" install-size="25757" />
	<plugin fragment="true" id="org.eclipse.jdt.debug.ui.nl_ja" unpack="false" version="4.22.0.v20211218020001" download-size="37401" install-size="37401" />
	<plugin fragment="true" id="org.eclipse.jdt.doc.isv.nl_ja" unpack="false" version="4.22.0.v20211218020001" download-size="1790" install-size="1790" />
	<plugin fragment="true" id="org.eclipse.jdt.doc.user.nl_ja" unpack="false" version="4.22.0.v20211218020001" download-size="1506" install-size="1506" />
	<plugin fragment="true" id="org.eclipse.jdt.jeview.nl_ja" unpack="false" version="4.22.0.v20211218020001" download-size="1509" install-size="1509" />
	<plugin fragment="true" id="org.eclipse.jdt.junit.core.nl_ja" unpack="false" version="4.22.0.v20211218020001" download-size="4661" install-size="4661" />
	<plugin fragment="true" id="org.eclipse.jdt.junit.nl_ja" unpack="false" version="4.22.0.v20211218020001" download-size="11507" install-size="11507" />
	<plugin fragment="true" id="org.eclipse.jdt.junit.runtime.nl_ja" unpack="false" version="4.22.0.v20211218020001" download-size="3183" install-size="3183" />
	<plugin fragment="true" id="org.eclipse.jdt.junit4.runtime.nl_ja" unpack="false" version="4.22.0.v20211218020001" download-size="1528" install-size="1528" />
	<plugin fragment="true" id="org.eclipse.jdt.junit5.runtime.nl_ja" unpack="false" version="4.22.0.v20211218020001" download-size="1524" install-size="1524" />
	<plugin fragment="true" id="org.eclipse.jdt.launching.macosx.nl_ja" unpack="false" version="4.22.0.v20211218020001" download-size="2728" install-size="2728" />
	<plugin fragment="true" id="org.eclipse.jdt.launching.nl_ja" unpack="false" version="4.22.0.v20211218020001" download-size="9276" install-size="9276" />
	<plugin fragment="true" id="org.eclipse.jdt.launching.ui.macosx.nl_ja" unpack="false" version="4.22.0.v20211218020001" download-size="3505" install-size="3505" />
	<plugin fragment="true" id="org.eclipse.jdt.nl_ja" unpack="false" version="4.22.0.v20211218020001" download-size="1707" install-size="1707" />
	<plugin fragment="true" id="org.eclipse.jdt.tips.user.nl_ja" unpack="false" version="4.22.0.v20211218020001" download-size="2382" install-size="2382" />
	<plugin fragment="true" id="org.eclipse.jdt.ui.examples.javafamily.nl_ja" unpack="false" version="4.22.0.v20211218020001" download-size="3106" install-size="3106" />
	<plugin fragment="true" id="org.eclipse.jdt.ui.examples.projects.nl_ja" unpack="false" version="4.22.0.v20211218020001" download-size="2942" install-size="2942" />
	<plugin fragment="true" id="org.eclipse.jdt.ui.nl_ja" unpack="false" version="4.22.0.v20211218020001" download-size="156780" install-size="156780" />
	<plugin fragment="true" id="org.eclipse.jdt.ui.tests.refactoring.nl_ja" unpack="false" version="4.22.0.v20211218020001" download-size="1522" install-size="1522" />
	<plugin fragment="true" id="org.eclipse.jdt.ui.unittest.junit.nl_ja" unpack="false" version="4.22.0.v20211218020001" download-size="5460" install-size="5460" />
	<plugin fragment="true" id="org.eclipse.jface.databinding.nl_ja" unpack="false" version="4.22.0.v20211218020001" download-size="1523" install-size="1523" />
	<plugin fragment="true" id="org.eclipse.jface.examples.databinding.nl_ja" unpack="false" version="4.22.0.v20211218020001" download-size="1519" install-size="1519" />
	<plugin fragment="true" id="org.eclipse.jface.nl_ja" unpack="false" version="4.22.0.v20211218020001" download-size="6755" install-size="6755" />
	<plugin fragment="true" id="org.eclipse.jface.notifications.nl_ja" unpack="false" version="4.22.0.v20211218020001" download-size="2447" install-size="2447" />
	<plugin fragment="true" id="org.eclipse.jface.tests.databinding.conformance.nl_ja" unpack="false" version="4.22.0.v20211218020001" download-size="1539" install-size="1539" />
	<plugin fragment="true" id="org.eclipse.jface.tests.databinding.nl_ja" unpack="false" version="4.22.0.v20211218020001" download-size="1516" install-size="1516" />
	<plugin fragment="true" id="org.eclipse.jface.text.nl_ja" unpack="false" version="4.22.0.v20211218020001" download-size="13046" install-size="13046" />
	<plugin fragment="true" id="org.eclipse.jsch.core.nl_ja" unpack="false" version="4.22.0.v20211218020001" download-size="2680" install-size="2680" />
	<plugin fragment="true" id="org.eclipse.jsch.ui.nl_ja" unpack="false" version="4.22.0.v20211218020001" download-size="4528" install-size="4528" />
	<plugin fragment="true" id="org.eclipse.ltk.core.refactoring.nl_ja" unpack="false" version="4.22.0.v20211218020001" download-size="6381" install-size="6381" />
	<plugin fragment="true" id="org.eclipse.ltk.ui.refactoring.nl_ja" unpack="false" version="4.22.0.v20211218020001" download-size="9395" install-size="9395" />
	<plugin fragment="true" id="org.eclipse.newMultiEditor.nl_ja" unpack="false" version="4.22.0.v20211218020001" download-size="1490" install-size="1490" />
	<plugin fragment="true" id="org.eclipse.osgi.compatibility.state.nl_ja" unpack="false" version="4.22.0.v20211218020001" download-size="3446" install-size="3446" />
	<plugin fragment="true" id="org.eclipse.osgi.nl_ja" unpack="false" version="4.22.0.v20211218020001" download-size="6485" install-size="6485" />
	<plugin fragment="true" id="org.eclipse.osgi.services.nl_ja" unpack="false" version="4.22.0.v20211218020001" download-size="1552" install-size="1552" />
	<plugin fragment="true" id="org.eclipse.osgi.util.nl_ja" unpack="false" version="4.22.0.v20211218020001" download-size="1529" install-size="1529" />
	<plugin fragment="true" id="org.eclipse.pde.api.tools.annotations.nl_ja" unpack="false" version="4.22.0.v20211218020001" download-size="1740" install-size="1740" />
	<plugin fragment="true" id="org.eclipse.pde.api.tools.ee.cdcfoundation10.nl_ja" unpack="false" version="4.22.0.v20211218020001" download-size="1558" install-size="1558" />
	<plugin fragment="true" id="org.eclipse.pde.api.tools.ee.cdcfoundation11.nl_ja" unpack="false" version="4.22.0.v20211218020001" download-size="1558" install-size="1558" />
	<plugin fragment="true" id="org.eclipse.pde.api.tools.ee.osgiminimum10.nl_ja" unpack="false" version="4.22.0.v20211218020001" download-size="1542" install-size="1542" />
	<plugin fragment="true" id="org.eclipse.pde.api.tools.ee.osgiminimum11.nl_ja" unpack="false" version="4.22.0.v20211218020001" download-size="1551" install-size="1551" />
	<plugin fragment="true" id="org.eclipse.pde.api.tools.ee.osgiminimum12.nl_ja" unpack="false" version="4.22.0.v20211218020001" download-size="1551" install-size="1551" />
	<plugin fragment="true" id="org.eclipse.pde.api.tools.nl_ja" unpack="false" version="4.22.0.v20211218020001" download-size="18175" install-size="18175" />
	<plugin fragment="true" id="org.eclipse.pde.api.tools.ui.nl_ja" unpack="false" version="4.22.0.v20211218020001" download-size="17173" install-size="17173" />
	<plugin fragment="true" id="org.eclipse.pde.build.nl_ja" unpack="false" version="4.22.0.v20211218020001" download-size="7054" install-size="7054" />
	<plugin fragment="true" id="org.eclipse.pde.core.nl_ja" unpack="false" version="4.22.0.v20211218020001" download-size="13519" install-size="13519" />
	<plugin fragment="true" id="org.eclipse.pde.doc.user.nl_ja" unpack="false" version="4.22.0.v20211218020001" download-size="1769" install-size="1769" />
	<plugin fragment="true" id="org.eclipse.pde.ds.annotations.nl_ja" unpack="false" version="4.22.0.v20211218020001" download-size="5437" install-size="5437" />
	<plugin fragment="true" id="org.eclipse.pde.ds.core.nl_ja" unpack="false" version="4.22.0.v20211218020001" download-size="3479" install-size="3479" />
	<plugin fragment="true" id="org.eclipse.pde.ds.lib.nl_ja" unpack="false" version="4.22.0.v20211218020001" download-size="1742" install-size="1742" />
	<plugin fragment="true" id="org.eclipse.pde.ds.ui.nl_ja" unpack="false" version="4.22.0.v20211218020001" download-size="3750" install-size="3750" />
	<plugin fragment="true" id="org.eclipse.pde.ds1_2.lib.nl_ja" unpack="false" version="4.22.0.v20211218020001" download-size="1745" install-size="1745" />
	<plugin fragment="true" id="org.eclipse.pde.genericeditor.extension.nl_ja" unpack="false" version="4.22.0.v20211218020001" download-size="4901" install-size="4901" />
	<plugin fragment="true" id="org.eclipse.pde.junit.runtime.nl_ja" unpack="false" version="4.22.0.v20211218020001" download-size="1508" install-size="1508" />
	<plugin fragment="true" id="org.eclipse.pde.launching.nl_ja" unpack="false" version="4.22.0.v20211218020001" download-size="3556" install-size="3556" />
	<plugin fragment="true" id="org.eclipse.pde.nl_ja" unpack="false" version="4.22.0.v20211218020001" download-size="1928" install-size="1928" />
	<plugin fragment="true" id="org.eclipse.pde.runtime.nl_ja" unpack="false" version="4.22.0.v20211218020001" download-size="4073" install-size="4073" />
	<plugin fragment="true" id="org.eclipse.pde.spy.core.nl_ja" unpack="false" version="4.22.0.v20211218020001" download-size="2277" install-size="2277" />
	<plugin fragment="true" id="org.eclipse.pde.spy.css.nl_ja" unpack="false" version="4.22.0.v20211218020001" download-size="2414" install-size="2414" />
	<plugin fragment="true" id="org.eclipse.pde.spy.model.nl_ja" unpack="false" version="4.22.0.v20211218020001" download-size="1895" install-size="1895" />
	<plugin fragment="true" id="org.eclipse.pde.spy.preferences.nl_ja" unpack="false" version="4.22.0.v20211218020001" download-size="2607" install-size="2607" />
	<plugin fragment="true" id="org.eclipse.pde.ua.core.nl_ja" unpack="false" version="4.22.0.v20211218020001" download-size="1600" install-size="1600" />
	<plugin fragment="true" id="org.eclipse.pde.ua.ui.nl_ja" unpack="false" version="4.22.0.v20211218020001" download-size="17102" install-size="17102" />
	<plugin fragment="true" id="org.eclipse.pde.ui.nl_ja" unpack="false" version="4.22.0.v20211218020001" download-size="53575" install-size="53575" />
	<plugin fragment="true" id="org.eclipse.pde.ui.templates.nl_ja" unpack="false" version="4.22.0.v20211218020001" download-size="10614" install-size="10614" />
	<plugin fragment="true" id="org.eclipse.pde.unittest.junit.nl_ja" unpack="false" version="4.22.0.v20211218020001" download-size="3131" install-size="3131" />
	<plugin fragment="true" id="org.eclipse.platform.doc.isv.nl_ja" unpack="false" version="4.22.0.v20211218020001" download-size="1803" install-size="1803" />
	<plugin fragment="true" id="org.eclipse.platform.doc.tips.nl_ja" unpack="false" version="4.22.0.v20211218020001" download-size="2121" install-size="2121" />
	<plugin fragment="true" id="org.eclipse.platform.doc.user.nl_ja" unpack="false" version="4.22.0.v20211218020001" download-size="1507" install-size="1507" />
	<plugin fragment="true" id="org.eclipse.platform.nl_ja" unpack="false" version="4.22.0.v20211218020001" download-size="4131" install-size="4131" />
	<plugin fragment="true" id="org.eclipse.sdk.nl_ja" unpack="false" version="4.22.0.v20211218020001" download-size="3172" install-size="3172" />
	<plugin fragment="true" id="org.eclipse.search.nl_ja" unpack="false" version="4.22.0.v20211218020001" download-size="9808" install-size="9808" />
	<plugin fragment="true" id="org.eclipse.swt.examples.browser.demos.nl_ja" unpack="false" version="4.22.0.v20211218020001" download-size="2337" install-size="2337" />
	<plugin fragment="true" id="org.eclipse.swt.examples.launcher.nl_ja" unpack="false" version="4.22.0.v20211218020001" download-size="2445" install-size="2445" />
	<plugin fragment="true" id="org.eclipse.swt.examples.nl_ja" unpack="false" version="4.22.0.v20211218020001" download-size="22146" install-size="22146" />
	<plugin fragment="true" id="org.eclipse.swt.examples.ole.win32.nl_ja" unpack="false" version="4.22.0.v20211218020001" download-size="2526" install-size="2526" />
	<plugin fragment="true" id="org.eclipse.swt.examples.views.nl_ja" unpack="false" version="4.22.0.v20211218020001" download-size="2734" install-size="2734" />
	<plugin fragment="true" id="org.eclipse.swt.examples.watchdog.nl_ja" unpack="false" version="4.22.0.v20211218020001" download-size="1720" install-size="1720" />
	<plugin fragment="true" id="org.eclipse.swt.fragments.localbuild.nl_ja" unpack="false" version="4.22.0.v20211218020001" download-size="1523" install-size="1523" />
	<plugin fragment="true" id="org.eclipse.swt.nl_ja" unpack="false" version="4.22.0.v20211218020001" download-size="4266" install-size="4266" />
	<plugin fragment="true" id="org.eclipse.swt.opengl.examples.nl_ja" unpack="false" version="4.22.0.v20211218020001" download-size="2048" install-size="2048" />
	<plugin fragment="true" id="org.eclipse.swt.snippets.nl_ja" unpack="false" version="4.22.0.v20211218020001" download-size="1488" install-size="1488" />
	<plugin fragment="true" id="org.eclipse.swt.tools.base.nl_ja" unpack="false" version="4.22.0.v20211218020001" download-size="1508" install-size="1508" />
	<plugin fragment="true" id="org.eclipse.swt.tools.nl_ja" unpack="false" version="4.22.0.v20211218020001" download-size="1553" install-size="1553" />
	<plugin fragment="true" id="org.eclipse.swt.tools.spies.nl_ja" unpack="false" version="4.22.0.v20211218020001" download-size="1514" install-size="1514" />
	<plugin fragment="true" id="org.eclipse.team.core.nl_ja" unpack="false" version="4.22.0.v20211218020001" download-size="5161" install-size="5161" />
	<plugin fragment="true" id="org.eclipse.team.cvs.core.nl_ja" unpack="false" version="4.22.0.v20211218020001" download-size="9421" install-size="9421" />
	<plugin fragment="true" id="org.eclipse.team.cvs.ssh2.nl_ja" unpack="false" version="4.22.0.v20211218020001" download-size="3934" install-size="3934" />
	<plugin fragment="true" id="org.eclipse.team.cvs.ui.nl_ja" unpack="false" version="4.22.0.v20211218020001" download-size="30086" install-size="30086" />
	<plugin fragment="true" id="org.eclipse.team.examples.filesystem.nl_ja" unpack="false" version="4.22.0.v20211218020001" download-size="3625" install-size="3625" />
	<plugin fragment="true" id="org.eclipse.team.genericeditor.diff.extension.nl_ja" unpack="false" version="4.22.0.v20211218020001" download-size="1570" install-size="1570" />
	<plugin fragment="true" id="org.eclipse.team.tests.core.nl_ja" unpack="false" version="4.22.0.v20211218020001" download-size="1459" install-size="1459" />
	<plugin fragment="true" id="org.eclipse.team.tests.cvs.core.nl_ja" unpack="false" version="4.22.0.v20211218020001" download-size="1767" install-size="1767" />
	<plugin fragment="true" id="org.eclipse.team.ui.nl_ja" unpack="false" version="4.22.0.v20211218020001" download-size="16269" install-size="16269" />
	<plugin fragment="true" id="org.eclipse.tests.urischeme.nl_ja" unpack="false" version="4.22.0.v20211218020001" download-size="1517" install-size="1517" />
	<plugin fragment="true" id="org.eclipse.text.nl_ja" unpack="false" version="4.22.0.v20211218020001" download-size="5307" install-size="5307" />
	<plugin fragment="true" id="org.eclipse.text.quicksearch.nl_ja" unpack="false" version="4.22.0.v20211218020001" download-size="3436" install-size="3436" />
	<plugin fragment="true" id="org.eclipse.tips.core.nl_ja" unpack="false" version="4.22.0.v20211218020001" download-size="3190" install-size="3190" />
	<plugin fragment="true" id="org.eclipse.tips.ide.nl_ja" unpack="false" version="4.22.0.v20211218020001" download-size="3074" install-size="3074" />
	<plugin fragment="true" id="org.eclipse.tips.json.nl_ja" unpack="false" version="4.22.0.v20211218020001" download-size="2634" install-size="2634" />
	<plugin fragment="true" id="org.eclipse.tips.ui.nl_ja" unpack="false" version="4.22.0.v20211218020001" download-size="2987" install-size="2987" />
	<plugin fragment="true" id="org.eclipse.tools.layout.spy.nl_ja" unpack="false" version="4.22.0.v20211218020001" download-size="3423" install-size="3423" />
	<plugin fragment="true" id="org.eclipse.ua.tests.doc.nl_ja" unpack="false" version="4.22.0.v20211218020001" download-size="1682" install-size="1682" />
	<plugin fragment="true" id="org.eclipse.ui.browser.nl_ja" unpack="false" version="4.22.0.v20211218020001" download-size="4040" install-size="4040" />
	<plugin fragment="true" id="org.eclipse.ui.cheatsheets.nl_ja" unpack="false" version="4.22.0.v20211218020001" download-size="6556" install-size="6556" />
	<plugin fragment="true" id="org.eclipse.ui.cocoa.nl_ja" unpack="false" version="4.22.0.v20211218020001" download-size="1544" install-size="1544" />
	<plugin fragment="true" id="org.eclipse.ui.console.nl_ja" unpack="false" version="4.22.0.v20211218020001" download-size="3921" install-size="3921" />
	<plugin fragment="true" id="org.eclipse.ui.editors.nl_ja" unpack="false" version="4.22.0.v20211218020001" download-size="16444" install-size="16444" />
	<plugin fragment="true" id="org.eclipse.ui.examples.contributions.nl_ja" unpack="false" version="4.22.0.v20211218020001" download-size="3749" install-size="3749" />
	<plugin fragment="true" id="org.eclipse.ui.examples.fieldassist.nl_ja" unpack="false" version="4.22.0.v20211218020001" download-size="4108" install-size="4108" />
	<plugin fragment="true" id="org.eclipse.ui.examples.javaeditor.nl_ja" unpack="false" version="4.22.0.v20211218020001" download-size="4466" install-size="4466" />
	<plugin fragment="true" id="org.eclipse.ui.examples.job.nl_ja" unpack="false" version="4.22.0.v20211218020001" download-size="1506" install-size="1506" />
	<plugin fragment="true" id="org.eclipse.ui.examples.multipageeditor.nl_ja" unpack="false" version="4.22.0.v20211218020001" download-size="2615" install-size="2615" />
	<plugin fragment="true" id="org.eclipse.ui.examples.navigator.nl_ja" unpack="false" version="4.22.0.v20211218020001" download-size="1531" install-size="1531" />
	<plugin fragment="true" id="org.eclipse.ui.examples.propertysheet.nl_ja" unpack="false" version="4.22.0.v20211218020001" download-size="4065" install-size="4065" />
	<plugin fragment="true" id="org.eclipse.ui.examples.readmetool.nl_ja" unpack="false" version="4.22.0.v20211218020001" download-size="4909" install-size="4909" />
	<plugin fragment="true" id="org.eclipse.ui.examples.undo.nl_ja" unpack="false" version="4.22.0.v20211218020001" download-size="3098" install-size="3098" />
	<plugin fragment="true" id="org.eclipse.ui.examples.uriSchemeHandler.nl_ja" unpack="false" version="4.22.0.v20211218020001" download-size="1522" install-size="1522" />
	<plugin fragment="true" id="org.eclipse.ui.examples.views.properties.tabbed.article.nl_ja" unpack="false" version="4.22.0.v20211218020001" download-size="1638" install-size="1638" />
	<plugin fragment="true" id="org.eclipse.ui.externaltools.nl_ja" unpack="false" version="4.22.0.v20211218020001" download-size="9401" install-size="9401" />
	<plugin fragment="true" id="org.eclipse.ui.forms.examples.nl_ja" unpack="false" version="4.22.0.v20211218020001" download-size="1553" install-size="1553" />
	<plugin fragment="true" id="org.eclipse.ui.forms.nl_ja" unpack="false" version="4.22.0.v20211218020001" download-size="2542" install-size="2542" />
	<plugin fragment="true" id="org.eclipse.ui.genericeditor.nl_ja" unpack="false" version="4.22.0.v20211218020001" download-size="2920" install-size="2920" />
	<plugin fragment="true" id="org.eclipse.ui.ide.application.nl_ja" unpack="false" version="4.22.0.v20211218020001" download-size="2037" install-size="2037" />
	<plugin fragment="true" id="org.eclipse.ui.ide.nl_ja" unpack="false" version="4.22.0.v20211218020001" download-size="46501" install-size="46501" />
	<plugin fragment="true" id="org.eclipse.ui.intro.nl_ja" unpack="false" version="4.22.0.v20211218020001" download-size="4300" install-size="4300" />
	<plugin fragment="true" id="org.eclipse.ui.intro.quicklinks.examples.nl_ja" unpack="false" version="4.22.0.v20211218020001" download-size="1787" install-size="1787" />
	<plugin fragment="true" id="org.eclipse.ui.intro.quicklinks.nl_ja" unpack="false" version="4.22.0.v20211218020001" download-size="1460" install-size="1460" />
	<plugin fragment="true" id="org.eclipse.ui.intro.universal.nl_ja" unpack="false" version="4.22.0.v20211218020001" download-size="18020" install-size="18020" />
	<plugin fragment="true" id="org.eclipse.ui.monitoring.nl_ja" unpack="false" version="4.22.0.v20211218020001" download-size="4985" install-size="4985" />
	<plugin fragment="true" id="org.eclipse.ui.navigator.nl_ja" unpack="false" version="4.22.0.v20211218020001" download-size="4758" install-size="4758" />
	<plugin fragment="true" id="org.eclipse.ui.navigator.resources.nl_ja" unpack="false" version="4.22.0.v20211218020001" download-size="4436" install-size="4436" />
	<plugin fragment="true" id="org.eclipse.ui.net.nl_ja" unpack="false" version="4.22.0.v20211218020001" download-size="3085" install-size="3085" />
	<plugin fragment="true" id="org.eclipse.ui.nl_ja" unpack="false" version="4.22.0.v20211218020001" download-size="7239" install-size="7239" />
	<plugin fragment="true" id="org.eclipse.ui.tests.navigator.nl_ja" unpack="false" version="4.22.0.v20211218020001" download-size="1630" install-size="1630" />
	<plugin fragment="true" id="org.eclipse.ui.tests.performance.nl_ja" unpack="false" version="4.22.0.v20211218020001" download-size="1460" install-size="1460" />
	<plugin fragment="true" id="org.eclipse.ui.tests.rcp.nl_ja" unpack="false" version="4.22.0.v20211218020001" download-size="1482" install-size="1482" />
	<plugin fragment="true" id="org.eclipse.ui.tests.views.properties.tabbed.nl_ja" unpack="false" version="4.22.0.v20211218020001" download-size="1663" install-size="1663" />
	<plugin fragment="true" id="org.eclipse.ui.themes.nl_ja" unpack="false" version="4.22.0.v20211218020001" download-size="1928" install-size="1928" />
	<plugin fragment="true" id="org.eclipse.ui.trace.nl_ja" unpack="false" version="4.22.0.v20211218020001" download-size="3167" install-size="3167" />
	<plugin fragment="true" id="org.eclipse.ui.views.log.nl_ja" unpack="false" version="4.22.0.v20211218020001" download-size="4289" install-size="4289" />
	<plugin fragment="true" id="org.eclipse.ui.views.nl_ja" unpack="false" version="4.22.0.v20211218020001" download-size="3607" install-size="3607" />
	<plugin fragment="true" id="org.eclipse.ui.views.properties.tabbed.nl_ja" unpack="false" version="4.22.0.v20211218020001" download-size="3361" install-size="3361" />
	<plugin fragment="true" id="org.eclipse.ui.win32.nl_ja" unpack="false" version="4.22.0.v20211218020001" download-size="2885" install-size="2885" />
	<plugin fragment="true" id="org.eclipse.ui.workbench.nl_ja" unpack="false" version="4.22.0.v20211218020001" download-size="33087" install-size="33087" />
	<plugin fragment="true" id="org.eclipse.ui.workbench.texteditor.nl_ja" unpack="false" version="4.22.0.v20211218020001" download-size="16996" install-size="16996" />
	<plugin fragment="true" id="org.eclipse.unittest.ui.nl_ja" unpack="false" version="4.22.0.v20211218020001" download-size="5709" install-size="5709" />
	<plugin fragment="true" id="org.eclipse.update.configurator.nl_ja" unpack="false" version="4.22.0.v20211218020001" download-size="3774" install-size="3774" />
	<plugin fragment="true" id="org.eclipse.urischeme.nl_ja" unpack="false" version="4.22.0.v20211218020001" download-size="1528" install-size="1528" />
</feature>